topic_id;topic_title;url
0;Общий поток;http://government.ru/docs/all/153886/
0;Общий поток;http://url9698.timepad.ru/ls/click?upn=u001.ZJaYUOG3IbSs3-2Fx8kGeAZy4DlRZqjvBt2LWN8siYRNHCWHS-2F0BDTtIV0-2BnTa-2BBEWVAHlWW53HRtK-2F0urMgsQMJJx8X-2FORmhybCLg3LrImP-2FB7yWFEH-2Bl6ZyObfJ7pEbqpcahT-2F2VGt0i-2FKTRvRQpNBNjTpkhrLWxQFKY0k1a25g-3DCWd-_km6Nmxna7uIXUAozN6-2F62uZj-2FupiCNApVNcUbLNG-2BFydEnRKzZyklpQZGfTRXWr3n-2BRBeC-2Bt-2FcoRYovA8h7p7ow78BbouSFPpHckd0D1MMNCDBDvMGCWW-2BIc-2FvAxo-2B1eagE0g-2BzZUFpRHjSFSZ5jQbxMZGP4kuSBPPduniJYKJ7e-2BRBa-2F0XHiqwWG25-2Fq6ScPea-2B9sJ2BPkhUFjuIcqrVYMHUMkc2NkELR-2BEByNiUbe8zVVKSWIh5Cop0Gv6liqd82XlTH12PIHodmm9qfW54g-3D-3D
0;Общий поток;http://www.neboleem.net/kak-kompleks-sibhr-podderzhivaet-nashe-zdorove.php
0;Общий поток;http://www.rusmedserv.com/news/t8_mit_up.html
0;Общий поток;https://agefactor.com.ua/metabolit-iz-plodov-granata-urolitin-a-ua-zamedlyaet-starenie-mitoxondrij-klinicheskoe-issledovanie/
0;Общий поток;https://apps.apple.com/ru/app/deepseek-%D0%B8%D0%B8-%D0%B0%D1%81%D1%81%D0%B8%D1%81%D1%82%D0%B5%D0%BD%D1%82/id6737597349
0;Общий поток;https://calorizator.ru/article/health/exo
0;Общий поток;https://calorizator.ru/article/health/metabiotics
0;Общий поток;https://chat.qwenlm.ai/
0;Общий поток;https://clck.ru/34x8aY
0;Общий поток;https://clck.ru/37awGF.
0;Общий поток;https://clck.ru/3MSDSc
0;Общий поток;https://clck.ru/3MSDTo
0;Общий поток;https://clck.ru/3MSDXu
0;Общий поток;https://clck.ru/3NjLdL
0;Общий поток;https://code-qr.ru/?ysclid=lfma5o661i365556933
0;Общий поток;https://disk.yandex.ru/d/KpUV7IjqII8KFw/VILAVI%20-%20%D0%9F%D1%80%D0%B5%D0%B7%D0%B5%D0%BD%D1%82%D0%B0%D1%86%D0%B8%D1%8F%20%D0%9B%D0%B0%D0%B5%D0%B2%D1%81%D0%BA%D0%B8%D0%B8%CC%86%20(%D0%A2%D0%B0%D0%B8%CC%86%D0%B3%D0%B0).mov
0;Общий поток;https://disk.yandex.ru/d/byuTGoYBS8rmBg
0;Общий поток;https://docs.google.com/document/d/12Ow-Fx0xB3BPoBqpumYFFiyEJjySU8rjn4NDcJ6haRs/edit?usp=sharing
0;Общий поток;https://docs.google.com/document/d/1BdMFnjGWb-Zx90fIg_Acu7Ho-t-N50HERibZvgFDHG4/edit?usp=sharing
0;Общий поток;https://docs.google.com/document/d/1NHbdMakVBb1HsQTSNwMYxj6aUE35MAcV7QDx9pFCmak/edit?usp=sharing
0;Общий поток;https://docs.google.com/document/d/1PI2ig7nhXyJiFb0kXHRHsGtscdmx_JmQvGCrZZer9lg/edit?usp=sharing
0;Общий поток;https://docs.google.com/document/d/1ST8QzHkMgcyXbWibO18JLIiWUoFMNbs-yy24-B53wJk/edit?usp=sharing
0;Общий поток;https://docs.google.com/document/d/1a0UrY1cpc6zUa6qppd9v_tWL8QdQiYSaXw5vy1Z54BU/edit?usp=sharing
0;Общий поток;https://docs.google.com/document/d/1c33sNePz3LmfR1c4nwsEdJMnFMC_0yy35geKYD_dG54/edit?usp=sharing
0;Общий поток;https://docs.google.com/document/d/1cc2i-z-UIWSqDJDDWPSTau7JxgDVGyqESUm3DnDPvNw/edit?usp=sharing
0;Общий поток;https://docs.google.com/document/d/1hMSBK4oCity4nMQ6rmYeByguOZKnoKf-D4iTHKF72R0/edit?usp=sharing
0;Общий поток;https://docs.google.com/document/d/1jbpZpe2PMofUnE56LbRMdJAnuOiYzr5EcRtJ61xiV0E/edit?usp=sharing
0;Общий поток;https://docs.google.com/document/d/1js9nUsfZginSHkefZvy-i8wWlFUTi0v9hKSaEInnqy0/edit?usp=sharing
0;Общий поток;https://docs.google.com/document/d/1mX6Fd8i2tgGkQl9QmAkTTqxk7kNP15drBBmXQExBgKo/edit?tab=t.0#heading=h.9inci4qrlxhh
0;Общий поток;https://drive.google.com/drive/folders/1PYSGigoQnGs_t7YMRQHq7Rs_ZFfR9VHS?usp=sharing
0;Общий поток;https://drive.google.com/drive/folders/1hszAkqD35yDzm2ZmI7E72b0xHCxqgjE3?usp=sharing
0;Общий поток;https://drive.google.com/file/d/17Xc29AvEBc2pcAehwenG85cRLP_5gwmA/view
0;Общий поток;https://drive.google.com/file/d/1HuZkETN1ri6DhJp-npCGozaNwch522vJ/view
0;Общий поток;https://drive.google.com/file/d/1NwLdnecYm8lmHI7h3cIzMPybVNvYyMaW/view?usp=drivesdk
0;Общий поток;https://drive.google.com/file/d/1etNerJ1IjjwdQpJgHVchhkghwBeGAhWp/view?usp=sharing
0;Общий поток;https://dzen.ru/5keys
0;Общий поток;https://dzen.ru/id/6822a2f51bd861206afd6470?share_to=link
0;Общий поток;https://dzen.ru/vilavi
0;Общий поток;https://expert.ru/expert/2020/22/za-zdorovem---v-kletku/
0;Общий поток;https://foodnadzor.ru/
0;Общий поток;https://forms.yandex.ru/u/68a2d25c50569017f2fd94a5/.
0;Общий поток;https://k49.ru/vino
0;Общий поток;https://m.facebook.com/story.php?story_fbid=4898315826848068&id=100000090988761&sfnsn=scwspmo
0;Общий поток;https://m.youtube.com/playlist?list=PL0xSjnLeytXDs_6WK4tlGnHLF8nPZ3vuC
0;Общий поток;https://m.youtube.com/watch?v=4_UNp1oeuyY
0;Общий поток;https://mama.ru/articles/ekzoketony-t8-exo-kak-vyvesti-svoj-mozg-na-maksimum/
0;Общий поток;https://mama.ru/articles/kak-fulxp-smozhet-zashhitit-vashu-semyu-ot-toksinov-i-infektsij/
0;Общий поток;https://mama.ru/articles/kak-kompleks-sibxp-pomozhet-podderzhat-zdorove-vashej-semi-i-zashhitit-vas-ot-virusov/
0;Общий поток;https://mama.ru/articles/rastitelnye-poliprenoly-sibxp-immunostimulyator-dlya-vsej-semi/
0;Общий поток;https://medportal.ru/enc/krasota/diet/disbiozy-ot-otkrytiya-do-metabiotikov/
0;Общий поток;https://medportal.ru/enc/krasota/reading/poliprenol-zaschita/
0;Общий поток;https://medportal.ru/enc/krasota/reading/poliprenol/
0;Общий поток;https://medportal.ru/enc/nutrition/reading/SibXP-3-vkusnyh-i-poleznyh-varianta-podderzhat-svoe-zdorovie/
0;Общий поток;https://medportal.ru/enc/nutrition/reading/SibXP-3-vkusnyh-i-poleznyh-varianta-podderzhat-svoe-zdorovie/?utm_medium=email&utm_source=UniSender&utm_campaign=238578247
0;Общий поток;https://medportal.ru/enc/nutrition/reading/ketoz/
0;Общий поток;https://mitocommunity.com/
0;Общий поток;https://mitoconference.tilda.ws/mito)
0;Общий поток;https://news.vtomske.ru/details/487-sibex-proyavil-biologicheskuyu-aktivnost
0;Общий поток;https://ok.ru/group/70000007377035
0;Общий поток;https://optimyzer.pro/LCHFRecipes
0;Общий поток;https://pplx.ai/download
0;Общий поток;https://pro-mito.ru/knowledge/ekspertnoe-sobytie-promito-april-2023/
0;Общий поток;https://pubmed.ncbi.nlm.nih.gov/?term=mitochondrial
0;Общий поток;https://russianpeptide.com/urolitin-a-myshechnaya-distrofiya-i-starenie/
0;Общий поток;https://rutube.ru/video/132b9294805dd9778b1d6a777bd5d3b7/?r=a
0;Общий поток;https://rutube.ru/video/30cceb3c52a83b55baaeb8796e6ad178/
0;Общий поток;https://rutube.ru/video/36b48b4143f0bddedde2cf73409d7327/?r=a/
0;Общий поток;https://rutube.ru/video/4c15637d4dad909f459fa136880562c6/
0;Общий поток;https://rutube.ru/video/889391aa7701eeedfa49e662590f2c32/
0;Общий поток;https://rutube.ru/video/c735578001690094fe911199fb3260f8/?r=a
0;Общий поток;https://rutube.ru/video/de49d67e9fa45d8a09116c87f596f0d5/
0;Общий поток;https://rutube.ru/video/f0580cec55019bde64710ab3445b4069/
0;Общий поток;https://rutube.ru/video/f66e58e70df780d11912962be46462c5/?r=plwm
0;Общий поток;https://rutube.ru/video/private/0003dfdc20cd19d96aa033302d42cf1b/?p=_vFAY1Vi__kLxz3ihDgj6g
0;Общий поток;https://rutube.ru/video/private/0586d143f6fdf584c8c765f02a61f6ea/?p=A-BpHiIF9_R2qWvgScM6Ag&r=a
0;Общий поток;https://rutube.ru/video/private/0db66de3ea09d38aa39abffcefb75f1f/?p=KbNFRSSix8VAOCf7nZSBIw
0;Общий поток;https://rutube.ru/video/private/0ed8952ae2689f779d9163cea2bbf00b/?p=5NDNiNXWAk5CT4oiVLBTMg
0;Общий поток;https://rutube.ru/video/private/27af02ba3f4550105886e7c269f01ef4/?p=FvE3hRwOZhKbuGwRiaj5Rw
0;Общий поток;https://rutube.ru/video/private/29c83a1bab3b722a323bd89994f60c71/?p=xwxliORFPVIZiohG7dKPPA
0;Общий поток;https://rutube.ru/video/private/2c7ad3c7458c10e937a154bf22e7cc29/?p=s04H3CJtjIvOtNJg-sCy3A
0;Общий поток;https://rutube.ru/video/private/2cbfe1cf0fa9ededbfb70919e0f9461b/?p=6YJYNrZtoabE-PxsjhhOcw
0;Общий поток;https://rutube.ru/video/private/3046b78bcaee578e797f5ce3f6b858e3/?p=0EXNwBp5NYpU_jVQ3X13sg
0;Общий поток;https://rutube.ru/video/private/30596df050225221fa51b380b73165c2/?p=zzVd_4-iB60XVgJdfclPJw
0;Общий поток;https://rutube.ru/video/private/338635123a6e41260d73d943490102c9/?p=KZMFJZwXhJIlAjJvtltjQA
0;Общий поток;https://rutube.ru/video/private/3ff7a036103484c5fdf3baaa4b871d27/?p=talqrftuudE40IT21TWFZA
0;Общий поток;https://rutube.ru/video/private/4092b8856645eaef32f1d8296a9d5fed/?p=b4-CcO-MLHzLNH2kju-fiw
0;Общий поток;https://rutube.ru/video/private/4121204cd90f43abdddf18106f5c40c9/?p=Pe4dqNubbLRwyZBLNRYVKw
0;Общий поток;https://rutube.ru/video/private/41eff49e14802c2ceb4e1f54ccbb6a74/?p=JPZKa6hqtjRBpui9X3oc9Q
0;Общий поток;https://rutube.ru/video/private/43cf1adde4d31251243bcfa04c7f2288/?p=5vOXeIas0DLGY9o7JuPz0A
0;Общий поток;https://rutube.ru/video/private/49dc13600622251074df95a5a96551ee/?p=fzkKwLqzvBuzABVQHXyYjA
0;Общий поток;https://rutube.ru/video/private/4a931aadeed8cdc123cb7d0c9c29700a/?p=EWv9DbymgV0sE96ru2nB3g
0;Общий поток;https://rutube.ru/video/private/5be964913faccb981082ada8ede08481/?p=St2HnsBF8SiL6nboBnsfzA
0;Общий поток;https://rutube.ru/video/private/66cbba8b7e5269517da49067fb2aa306/?p=9WYtr3kcMmfWyYDIVgohDg
0;Общий поток;https://rutube.ru/video/private/673a022f231835220380fa1b1312c97c/?p=15awJLi_Zm2VCZpKRht0Pw
0;Общий поток;https://rutube.ru/video/private/682ff4c7fe30eb7c1e5fb6dc15701f19/?p=7_VA5rI4LCvvt4hCwvlPzQ
0;Общий поток;https://rutube.ru/video/private/6872c26fe5344f09468d12065e38e728/?p=Lk5Ox-kbOO5tOVZcEz8WlQ
0;Общий поток;https://rutube.ru/video/private/6a7cd2df40b0363ffd55b5f46a85f8f4/?p=bhufcuLBW6FtyH0EkW7vUw
0;Общий поток;https://rutube.ru/video/private/6e8a68cf704de89faf6a9c29e9e01f75/?p=L3p_bcM6Nm6TSTYWctpYSA
0;Общий поток;https://rutube.ru/video/private/6ebabf548fa48e9b6fc4f7071b64c5f5/?p=TYj-JV6lY01UMuYgaAz_rA
0;Общий поток;https://rutube.ru/video/private/7ad48332a361a7c21f16ebb45af9359b/?p=Ycvzmcuz9peIZTM_jzDdzg
0;Общий поток;https://rutube.ru/video/private/7dff3f6cf6e16787390b0b31ad0bf3d8/?p=hmX0N7x4YGeyWWIf9uSt_w
0;Общий поток;https://rutube.ru/video/private/7e15cee172b78266a945c160712c6e49/?p=MgYvswUmxbvzwI12BIzeGw
0;Общий поток;https://rutube.ru/video/private/8015ce57dfbbec8d9e6c199c19c33016/?p=a8BrBaJA9xmBVY5JnXPhog
0;Общий поток;https://rutube.ru/video/private/80358169aab2ecfadefc910e8cd50b1d/?p=moOZuDm6al1VclBQL0RykA
0;Общий поток;https://rutube.ru/video/private/8914aa776b80c4bf4db7a76f22e14e65/?p=zhs7kxpyuOX03lFbcSwV-w
0;Общий поток;https://rutube.ru/video/private/9ac7df364110a65badd0e6e8e9d6cb46/?p=Rlh8k36uCkMdS9H5jZV-TQ
0;Общий поток;https://rutube.ru/video/private/9b1408b343fd3453a622522b443ed24b/?p=O0T9aq8RDfiBQSACbwFM0Q
0;Общий поток;https://rutube.ru/video/private/ac1595b7bad045dbbceda4756dd8da6f/?p=fJIMFhe7wfQlI7TdEBMLDg
0;Общий поток;https://rutube.ru/video/private/aee4425bc5fce81bcf20ae9cddce2c7e/?p=qm_CwHXsW0RJ6nyf-iv48Q
0;Общий поток;https://rutube.ru/video/private/b0ccd05cbea9644dd626bc0558d03074/?p=3aU_mmqb0bl6IEN2uQocFw
0;Общий поток;https://rutube.ru/video/private/b0f1ddc90dbbb30b78b1c22d04f4e4a1/?p=oaZiun5z3-yIzfCXhHP6cg
0;Общий поток;https://rutube.ru/video/private/b586980315c94bc07caa993ea785b8f1/?p=Z9g9yby8gpIUjog2Jhcrtw
0;Общий поток;https://rutube.ru/video/private/b6b74a776090d1dd9f0b38446a9b98a3/?p=IbvAH8MUdFSXl3B7bsbOoQ
0;Общий поток;https://rutube.ru/video/private/b6ff46b25cff45722b4c52b64327ed0b/?p=WjrqbWw28sRh83YGmvhyKQ
0;Общий поток;https://rutube.ru/video/private/cb7722f33c22c858a999dbf2382fb869/?p=2eUF5r0GbTi2nE0v-jmunA
0;Общий поток;https://rutube.ru/video/private/d5fa02405994ecf2350148405b745dff/?p=lEMPGyNZHPeXzXdcQgXlMA
0;Общий поток;https://rutube.ru/video/private/e240c45851f12cadb0f023bc0576e899/?p=Gnhw2ipdtv9bQv_gNmMBtA
0;Общий поток;https://rutube.ru/video/private/e9022810355a58ab6f32d6e88ed987ff/?p=TTdJ9OflfWOqr2xQmCgpiw
0;Общий поток;https://rutube.ru/video/private/f28a010ed106dd4a6ccdb0943a0e113d/?p=yoxLC87tLxrenqvL9iSS4A
0;Общий поток;https://rutube.ru/video/private/f63c62ade03418a5d9ae62cd8c4b6395/?p=9tgVLsWQHqgxCHcOvvDj1w
0;Общий поток;https://rutube.ru/video/private/f6c23a44e69ee9747715a417ad752d6d/?p=R8Y0DNLfD17oJUA6uON3RA
0;Общий поток;https://rutube.ru/video/private/fc0c655f0e1bcabfc1d48a9ffdb82229/?p=rWXhL7hcLhko6oeVvkx9Xg
0;Общий поток;https://sk-news.ru/news/zdorove/61762/
0;Общий поток;https://store.vilavi.com/
0;Общий поток;https://t.me/+0H832V5ufbE4M2Qy
0;Общий поток;https://t.me/+6Ot9D-_zjOwzMWVi
0;Общий поток;https://t.me/+FQ4-emIZeakzNzJi
0;Общий поток;https://t.me/+HxvtfOO7JYRlNGIy
0;Общий поток;https://t.me/+OYCJASJGZY41NmQ6
0;Общий поток;https://t.me/+SZvqAVtJckc0MGJi
0;Общий поток;https://t.me/+VCD5wLVWPEJjM2U6
0;Общий поток;https://t.me/+hqZDeXlBqJplZWIy
0;Общий поток;https://t.me/+i-vyyKHvwAU3YjBi
0;Общий поток;https://t.me/+xESymUVxtRZlZmYy
0;Общий поток;https://t.me/ControllerBot
0;Общий поток;https://t.me/OpinionsTAYGA8
0;Общий поток;https://t.me/c/1858905974/539
0;Общий поток;https://t.me/energyLife2025
0;Общий поток;https://t.me/longevity_code
0;Общий поток;https://t.me/mito_taiga8
0;Общий поток;https://t.me/mmm_marochka
0;Общий поток;https://t.me/sekretsof
0;Общий поток;https://t.me/vilavi_promo_bot
0;Общий поток;https://tayga8.com/
0;Общий поток;https://tayga8.com/Mito
0;Общий поток;https://tayga8.com/ScientificPublications/Index
0;Общий поток;https://translate.google.com/website?sl=en&tl=ru&hl=ru&client=webapp&u=https://clinicaltrials.gov/ct2/show/NCT03464500)https://clinicaltrials.gov/ct2/show/NCT03464500
0;Общий поток;https://us02web.zoom.us/j/81958965911?pwd=SHK82PgQBpDAXBjHxeJ68Mcdr3UGvW.1
0;Общий поток;https://us02web.zoom.us/j/84136912727?...brXfXhE9.1
0;Общий поток;https://us02web.zoom.us/j/85260514599?pwd=ikgW63Xyyha0LbovwzH2Y6IeHnMgux.1
0;Общий поток;https://us02web.zoom.us/j/88516254797?pwd=Yf6Pot0q7KghzqUbKfSWaVU5427Amy.1
0;Общий поток;https://vilavi.usedocs.com/article/7217
0;Общий поток;https://vilavi.wiki/
0;Общий поток;https://vilavi.wiki/comparison
0;Общий поток;https://vilavi.wiki/mito
0;Общий поток;https://vilavi.wiki/presentation
0;Общий поток;https://vilavi.wiki/t8-30seconds
0;Общий поток;https://vilavi.wiki/t8-blend
0;Общий поток;https://vimeo.com/1095524756
0;Общий поток;https://vimeo.com/1099157545?p=0s
0;Общий поток;https://vimeo.com/1102907102
0;Общий поток;https://vk.com/id753581584
0;Общий поток;https://vk.com/natalia_pushkarevaa
0;Общий поток;https://vk.com/t8_official
0;Общий поток;https://vk.com/video-117394864_456239742?access_key=cddee63f1c181dafd6
0;Общий поток;https://vk.com/video-117394864_456240545
0;Общий поток;https://vk.com/video-138446187_456239067
0;Общий поток;https://vk.com/video-212397139_456239034?access_key=78193324c5edfbb120
0;Общий поток;https://vk.com/video-227208500_456239023?list=ln-uOnPojXNNNc7KCEyZp
0;Общий поток;https://vk.com/video-227208500_456239039?list=ln-E9bJEw3wsS2iMB8nys
0;Общий поток;https://vk.com/video-227208500_456239041?list=ln-Gm0hszFUZ441jnahqf
0;Общий поток;https://vk.com/video-227208500_456239046?list=ln-u3Q1ypXqMkrrVbvkw3
0;Общий поток;https://vk.com/video-227208500_456239048?list=ln-zJ772YZdONsxMqfkuB
0;Общий поток;https://vk.com/video-227208500_456239049?list=ln-vvPPLUh1YV4qEEseac
0;Общий поток;https://vk.com/video-227208500_456239056?list=ln-Y2b2tS7XlClztS7GEN
0;Общий поток;https://vk.com/video-227208500_456239057?list=ln-AQ9Pbm6fkZiPumrou1
0;Общий поток;https://vk.com/video-227208500_456239058?list=ln-ePGqQMEMpxjdj6zi3G
0;Общий поток;https://vk.com/video-227208500_456239060?list=ln-IhnvC8WhFmsAGSL76Q
0;Общий поток;https://vk.com/video-227208500_456239061?list=ln-a9H1mV6mRLjf3jYkdb
0;Общий поток;https://vk.com/video-227208500_456239066?list=ln-oSv6QqeKIZNzR6peV2
0;Общий поток;https://vk.com/video-227208500_456239067?list=ln-h0qL5MZsDcEK0Lqpf1
0;Общий поток;https://vk.com/video-227208500_456239069?list=ln-afzZ83UZoAgFpxZOnb
0;Общий поток;https://vk.com/video-227208500_456239070?list=ln-rnB9Jpcy5b9RHXUSxW
0;Общий поток;https://vk.com/video-227208500_456239071?list=ln-mItqZvTJrdmF9k88hn
0;Общий поток;https://vk.com/video-227208500_456239072?list=ln-o8FAtmRkfRtY6vNZe5
0;Общий поток;https://vk.com/video-227208500_456239073?list=ln-JZh3pz1XFHXNZqLTy7
0;Общий поток;https://vk.com/video-227208500_456239074?list=ln-zJVAiugC29Wy3zoqdr
0;Общий поток;https://vk.com/video-227208500_456239075?list=ln-Z0W98Vqwn2BzxRAPI6
0;Общий поток;https://vk.com/video-230367401_456239030
0;Общий поток;https://vk.com/video-230367401_456239031
0;Общий поток;https://vk.com/video-230367401_456239033
0;Общий поток;https://vk.com/video-230367401_456239034
0;Общий поток;https://vk.com/video-230367401_456239035
0;Общий поток;https://vk.com/video-230367401_456239037
0;Общий поток;https://vk.com/video-230367401_456239039
0;Общий поток;https://vk.com/video-230367401_456239045
0;Общий поток;https://vk.com/video-230604109_456239024
0;Общий поток;https://vk.com/video-230604109_456239029
0;Общий поток;https://vk.com/video612485139_456239604
