topic_id;topic_title;msg_id;date;author;text;message_url
0;–û–±—â–∏–π –ø–æ—Ç–æ–∫;4836;2025-09-25 19:56;for5key_bot;–í–∞—à chat.id: -1001858905974;https://t.me/c/1001858905974/4836
0;–û–±—â–∏–π –ø–æ—Ç–æ–∫;4832;2025-09-25 11:21;;üîã–ß—Ç–æ —Ç–∞–∫–æ–µ –≤–æ—Å—Å—Ç–∞–Ω–æ–≤–ª–µ–Ω–∏–µ?  –≠—Ç–æ –ø–µ—Ä–µ–∑–∞–≥—Ä—É–∑–∫–∞ –≤—Å–µ–≥–æ –æ—Ä–≥–∞–Ω–∏–∑–º–∞, —ç—Ç–æ –∏–∑–±–∞–≤–ª–µ–Ω–∏–µ –æ—Ç —É—Å—Ç–∞–ª–æ—Å—Ç–∏, —Å—Ç—Ä–µ—Å—Å–∞, –Ω–∞–ø—Ä—è–∂–µ–Ω–∏—è, –ø–æ—Å–ª–µ–¥—Å—Ç–≤–∏–π –∑–∞–±–æ–ª–µ–≤–∞–Ω–∏–π, –≤–∏—Ä—É—Å–æ–≤ –∏ —Ç–æ–∫—Å–∏–Ω–æ–≤.  –ú–Ω–æ–≥–∏–µ —Å—á–∏—Ç–∞—é—Ç, —á—Ç–æ –≥–ª–∞–≤–Ω–æ–µ –¥–ª—è –≤–æ—Å—Å—Ç–∞–Ω–æ–≤–ª–µ–Ω–∏—è ‚Äì —ç—Ç–æ —Å–æ–Ωüí§  –î–∞, –æ–Ω –≤–∞–∂–µ–Ω –∏ –Ω–µ–æ–±—Ö–æ–¥–∏–º, –Ω–æ —Å–æ–Ω ‚Äì –Ω–µ –µ–¥–∏–Ω—Å—Ç–≤–µ–Ω–Ω–æ–µ —É—Å–ª–æ–≤–∏–µ –¥–ª—è –≤–æ—Å—Å—Ç–∞–Ω–æ–≤–ª–µ–Ω–∏—è —Å–∏–ª –∏ —ç–Ω–µ—Ä–≥–∏–∏.   üíØ–î–ª—è –ø–µ—Ä–µ–∑–∞–≥—Ä—É–∑–∫–∏ –∏ –Ω–∞—Å—Ç–æ—è—â–µ–≥–æ –æ–±–Ω–æ–≤–ª–µ–Ω–∏—è –∫–∞–∂–¥–∞—è –∫–ª–µ—Ç–∫–∞ –Ω—É–∂–¥–∞–µ—Ç—Å—è –≤ –ø–∏—Ç–∞–Ω–∏–∏ –ø—Ä–∞–≤–∏–ª—å–Ω—ã–º–∏ –≤–µ—â–µ—Å—Ç–≤–∞–º–∏. –ò–º–µ–Ω–Ω–æ –æ–Ω–∏ –≤–∫–ª—é—á–∞—é—Ç —ç–Ω–µ—Ä–≥–∏—é –∏–∑–Ω—É—Ç—Ä–∏, –ø–æ–º–æ–≥–∞—é—Ç –∞–∫—Ç–∏–≤–∏—Ä–æ–≤–∞—Ç—å –Ω–∞—à–∏ —Ä–µ—Å—É—Ä—Å—ã –Ω–∞ 100%.  –ò–º–µ–Ω–Ω–æ —Ç–∞–∫–æ–µ —Ç–æ–ø–ª–∏–≤–æ –¥–ª—è –∫–ª–µ—Ç–æ–∫ –º—ã –≤–∫–ª–∞–¥—ã–≤–∞–µ–º –≤ –ø—Ä–æ–¥—É–∫—Ç—ã VILAVI.  –û–Ω–∏ –Ω–µ –≤–º–µ—à–∏–≤–∞—é—Ç—Å—è –≤ –µ—Å—Ç–µ—Å—Ç–≤–µ–Ω–Ω—É—é —Ä–∞–±–æ—Ç—É –æ—Ä–≥–∞–Ω–∏–∑–º–∞ –∏ –Ω–µ –Ω–∞—Ä—É—à–∞—é—Ç –µ–≥–æ —Ä–∏—Ç–º. –û–Ω–∏ –º—è–≥–∫–æ –Ω–∞—Å—Ç—Ä–∞–∏–≤–∞—é—Ç –≤—Å—é —Å–∏—Å—Ç–µ–º—É, –ø–æ–º–æ–≥–∞—è –∫–ª–µ—Ç–∫–∞–º —Ä–∞–±–æ—Ç–∞—Ç—å —Ç–∞–∫, –∫–∞–∫ –∑–∞–¥—É–º–∞–Ω–æ –ø—Ä–∏—Ä–æ–¥–æ–πüå≥  üí™üèºVILAVI ‚Äî —ç—Ç–æ –Ω–µ —Å—Ç–∏–º—É–ª, —ç—Ç–æ –≤–Ω—É—Ç—Ä–µ–Ω–Ω–∏–π –∏—Å—Ç–æ—á–Ω–∏–∫ –≤–æ—Å—Å—Ç–∞–Ω–æ–≤–ª–µ–Ω–∏—è —Å–∏–ª—ã.  –ù–∞—Å—Ç—Ä–æ–π—Ç–µ –µ–≥–æ ‚Äì –∂–∏–≤–∏—Ç–µ –Ω–∞ 100% –≤–æ–∑–º–æ–∂–Ω–æ—Å—Ç–µ–π!;https://t.me/c/1001858905974/4832
0;–û–±—â–∏–π –ø–æ—Ç–æ–∫;4831;2025-09-25 09:19;;–î—Ä—É–∑—å—è! –ö–∞–∫ –∏ –æ–±–µ—â–∞–ª–∏ - –æ—Ç–ø—Ä–∞–≤–ª—è–µ–º —Ñ–∞–π–ª, –æ –∫–æ—Ç–æ—Ä–æ–º –ê–Ω–¥—Ä–µ–π –ó–æ–ª–æ—Ç–∞—Ä–µ–≤ –≥–æ–≤–æ—Ä–∏–ª –Ω–∞ –≤–µ–±–∏–Ω–∞—Ä–µ ‚§¥Ô∏è  üë©‚Äçüíª –ï—Å–ª–∏ –µ—â–µ –Ω–µ –ø–æ—Å–º–æ—Ç—Ä–µ–ª–∏ –≤–µ–±–∏–Ω–∞—Ä, —Ç–æ —Å–∫–æ—Ä–µ–µ –ø–µ—Ä–µ—Ö–æ–¥–∏—Ç–µ –ø–æ —Å—Å—ã–ª–∫–µ: https://vkvideo.ru/video-117394864_456240713;https://t.me/c/1001858905974/4831
0;–û–±—â–∏–π –ø–æ—Ç–æ–∫;4825;2025-09-24 15:02;;üçÇ –° –Ω–∞—Å—Ç—É–ø–ª–µ–Ω–∏–µ–º –æ—Å–µ–Ω–∏ –∫—É–¥–∞-—Ç–æ –ø—Ä–æ–ø–∞–¥–∞–µ—Ç —ç–Ω–µ—Ä–≥–∏—è. –ó–∞–º–µ—á–∞–ª–∏ —Ç–∞–∫–æ–µ?  –ü–æ—Ä–∞ —Å–µ–±—è –ø–æ–¥–¥–µ—Ä–∂–∞—Ç—å. –ù–∞–ø—Ä–∏–º–µ—Ä, –ø–æ—Ä—Ü–∏–µ–π –∞—Ä–æ–º–∞—Ç–Ω–æ–≥–æ –∫–∞–∫–∞–æ T8 ERA LCHF-COCOAüßòüèª‚Äç‚ôÄÔ∏è –≠—Ç–æ—Ç –Ω–∞–ø–∏—Ç–æ–∫ –ø–æ–º–æ–∂–µ—Ç –Ω–µ —Ç–æ–ª—å–∫–æ —Å–æ–≥—Ä–µ—Ç—å—Å—è, –Ω–æ –∏ –Ω–∞–ø–æ–ª–Ω–∏—Ç —ç–Ω–µ—Ä–≥–∏–µ–π –±–µ–∑ —Å–∞—Ö–∞—Ä–∞ –∏ –¥–æ–±–∞–≤–æ–∫.  –í —á–µ–º —Å–µ–∫—Ä–µ—Ç —Ç–∞–∫–æ–≥–æ –¥–µ–π—Å—Ç–≤–∏—è? –°–º–æ—Ç—Ä–∏—Ç–µ –≤ –∫–∞—Ä—Ç–æ—á–∫–∞—Ö –ø–æ—Å—Ç–∞ üëÄ  –†–µ–∫–ª–∞–º–∞. –û–û–û ¬´–í–∏–ª–∞–≤–∏¬ª –ò–ù–ù: 7720945739   Erid: 2RanynGZeQ9;https://t.me/c/1001858905974/4825
0;–û–±—â–∏–π –ø–æ—Ç–æ–∫;4824;2025-09-24 12:50;;–ó–∞–ø–∏—Å—å –ø–æ–ª–µ–∑–Ω–æ–≥–æ –≤–µ–±–∏–Ω–∞—Ä–∞ üí™ üí• –ú–æ—â–Ω–∞—è –ø–æ—Ä—Ü–∏—è –ø–æ–ª–µ–∑–Ω–æ–π –∏–Ω—Ñ–æ—Ä–º–∞—Ü–∏–∏ –æ—Ç –ê–Ω–¥—Ä–µ—è –ó–æ–ª–æ—Ç–∞—Ä—ë–≤–∞ –æ —Ñ–æ—Ä–º—É–ª–∞—Ö –∏ —Å–æ—Å—Ç–∞–≤–∞—Ö –ø—Ä–æ–¥—É–∫—Ç–æ–≤ NASH ViMi, T8 BEET SHOT, T8 BLEND 90%, LCHF-COCOA.  –£–∑–Ω–∞–π—Ç–µ, –ø–æ—á–µ–º—É —ç—Ç–∏ –ø—Ä–æ–¥—É–∫—Ç—ã –º–æ–∂–Ω–æ —Å–º–µ–ª–æ –Ω–∞–∑—ã–≤–∞—Ç—å –∞–∫—Ç–∏–≤–∞—Ç–æ—Ä–∞–º–∏ —ç–Ω–µ—Ä–≥–æ—Ö—Ä–∞–Ω–∏–ª–∏—â üòé  –°–º–æ—Ç—Ä–∏—Ç–µ –ø–æ —Å—Å—ã–ª–∫–µ: https://vkvideo.ru/video-117394864_456240713 –ê –∫—Ç–æ –±—ã–ª –Ω–∞ —ç—Ñ–∏—Ä–µ –æ–Ω–ª–∞–π–Ω, –¥–µ–ª–∏—Ç–µ—Å—å –≤–ø–µ—á–∞—Ç–ª–µ–Ω–∏—è–º–∏: —á—Ç–æ —Å–∞–º–æ–µ –≤–∞–∂–Ω–æ–µ —É–∑–Ω–∞–ª–∏, –∫–∞–∫–∏–µ –µ—â–µ –≤–æ–ø—Ä–æ—Å—ã —Ö–æ—Ç–µ–ª–∏ –±—ã —Ä–∞–∑–æ–±—Ä–∞—Ç—å –ø–æ–¥—Ä–æ–±–Ω–µ–µ ‚úç;https://t.me/c/1001858905974/4824
0;–û–±—â–∏–π –ø–æ—Ç–æ–∫;24;2023-04-26 17:40;;https://youtu.be/yKNSkn-7LZ4;https://t.me/c/1001858905974/24
0;–û–±—â–∏–π –ø–æ—Ç–æ–∫;23;2023-04-26 17:40;;–ï—Å—Ç—å 2 —Å—Ç—Ä–∞—Ç–µ–≥–∏–∏, –∏–∑ –∫–æ—Ç–æ—Ä—ã—Ö –º—ã –∂–∏–≤–µ–º:  1 —Å—Ç—Ä–∞—Ç–µ–≥–∏—è - –±—ã—Å—Ç—Ä–æ –Ω–∞—Ö–≤–∞—Ç–∞—Ç—å—Å—è —Ç–µ—Ö–Ω–æ–ª–æ–≥–∏–π, —Å–¥–µ–ª–∞—Ç—å —Ä–µ–∑—É–ª—å—Ç–∞—Ç, –∞ –≤ —Å–ª–µ–¥ –º–µ—Å—è—Ü–µ –ø—Ä–æ—Å–µ—Å—Ç—å.  –∞ –µ—Å—Ç—å 2 —Å—Ç—Ä–∞—Ç–µ–≥–∏—è  –æ–Ω–∞ –¥–æ–ª–≥–æ—Å—Ä–æ—á–Ω–∞—è –∫–æ–≥–¥–∞ —Ç—ã –ø–æ–Ω–∏–º–∞–µ—à—å, –ß–¢–û –¢–ï–ë–ï –ù–ê–î–û –°–î–ï–õ–ê–¢–¨, –ß–¢–û–ë–´ –°–î–ï–õ–ê–¢–¨ –ö–ê–ö –ú–ò–ù–ò–ú–£–ú –¢–û–¢ –ñ–ï –£–†–û–í–ï–ù–¨ –î–û–•–û–î–ê  –∞ –µ—â–µ –ß–¢–û –¢–ï–ë–ï –ù–ê–î–û –°–î–ï–õ–ê–¢–¨ –°–¢–†–ê–¢–ï–ì–ò–ß–ï–°–ö–ò –í–ê–ñ–ù–û–ï –î–õ–Ø –†–ê–ó–í–ò–¢–ò–Ø –°–í–û–ï–ô –≠–ö–°–ü–ï–†–¢–ò–ó–´ –ò –ë–ò–ó–ù–ï–°–ê.  –ö—Ç–æ  –ø—Ä–µ—É—Å–ø–µ–≤–∞–µ—Ç –≤ —Å–µ—Ç–µ–≤–æ–º –±–∏–∑–Ω–µ—Å–µ?  ‚úÖ –≠—Ç–æ –≤–∑—Ä–æ—Å–ª—ã–µ –ª—é–¥–∏ —Å –ø—Ä–æ—Ñ–µ—Å—Å–∏–µ–π, –æ–ø—ã—Ç–æ–º, –∫–µ–π—Å–∞–º–∏ –∫–∞–∫ —É–¥–∞—á–Ω—ã–º–∏, —Ç–∞–∫ –∏ –Ω–µ—É–¥–∞—á–Ω—ã–º–∏, —ç—Ç–æ –ª—é–¥–∏ —Å –≤–Ω—É—Ç—Ä–µ–Ω–Ω–µ–π –æ—Ç–≤–µ—Ç—Å—Ç–≤–µ–Ω–Ω–æ—Å—Ç—å—é –∑–∞ —Ç–æ, —á—Ç–æ –æ–Ω–∏ –Ω–µ—Å—É—Ç –≤ –º–∏—Ä. –≠—Ç–æ —Å–ø–µ—Ü–∏–∞–ª–∏—Å—Ç—ã —Ä–∞–∑–Ω–æ–≥–æ —É—Ä–æ–≤–Ω—è, —ç—Ç–æ –Ω–æ–≤–∏—á–∫–∏ —Å –∞–º–±–∏—Ü–∏—è–º–∏ —Å—Ç–∞—Ç—å –ø—Ä–æ—Ñ–µ—Å—Å–∏–æ–Ω–∞–ª–æ–º –≤ –ø—Ä–æ—Ñ–µ—Å—Å–∏–∏ –∏ –Ω–∞–ø—Ä–∞–≤–ª–µ–Ω–∏–∏ —Å–µ—Ç–µ–≤–æ–≥–æ –º–∞—Ä–∫–µ—Ç–∏–Ω–≥–∞   –ò –∫–ª—é—á–µ–≤–æ–µ —Å–ª–æ–≤–æ –∑–¥–µ—Å—å - –≤–∑—Ä–æ—Å–ª—ã–µ- —ç—Ç–æ —Ç–µ, –∫–æ—Ç–æ—Ä—ã–µ –Ω–µ —Å—Ç–∞–≤—è—Ç –°–í–û–ò —Ä–µ–∑—É–ª—å—Ç–∞—Ç—ã –≤ –∑–∞–≤–∏—Å–∏–º–æ—Å—Ç—å –æ—Ç –¥—Ä—É–≥–∏—Ö   –ü–æ—ç—Ç–æ–º—É –æ–Ω–∏ —É–º–µ—é—Ç —Ä–∞–±–æ—Ç–∞—Ç—å —Å–∞–º–∏ –∏ –ø–æ–º–æ–≥–∞—é—Ç —Ç–µ–º, –∫—Ç–æ —É–∂–µ –≤–∑—Ä–æ—Å–ª—ã–π  –ò —Å –∫–∞–∂–¥—ã–º –Ω–æ–≤—ã–º —É—Ä–æ–≤–Ω–µ–º –∫ –Ω–∏–º –ø—Ä–∏—Ö–æ–¥—è—Ç –≤—Å–µ –±–æ–ª–µ–µ –≤–∑—Ä–æ—Å–ª—ã–µ;https://t.me/c/1001858905974/23
0;–û–±—â–∏–π –ø–æ—Ç–æ–∫;22;2023-04-26 17:40;;–°–º–æ—Ç—Ä–∏—Ç–µ –ø–µ—Ä–≤–æ–µ –≤–∏–¥–µ–æ, –∏ –∑–∞—Ç–µ–º –Ω–∞–ø–∏—à–∏—Ç–µ –æ—Ç–≤–µ—Ç:  - —á—Ç–æ –∏–∑ –∞—Ä–≥—É–º–µ–Ω—Ç–æ–≤ –ø–æ–∫–∞–∑–∞–ª–æ—Å—å –Ω–∞–∏–±–æ–ª–µ–µ –±–ª–∏–∑–∫–∏–º –∫ –≤–∞—à–µ–º—É –º—ã—à–ª–µ–Ω–∏—é –∏ –≤–æ—Å–ø—Ä–∏—è—Ç–∏—é  - —Å—Ç–∞–ª–∫–∏–≤–∞–ª–∏—Å—å –ª–∏ –∫–æ–≥–¥–∞ –Ω–∏–±—É–¥—å —Å –∏–Ω—Ç–µ—Ä–µ—Å–Ω—ã–º –∏ –∫–∞—á–µ—Å—Ç–≤–µ–Ω–Ω—ã–º –ø—Ä–µ–¥–ª–æ–∂–µ–Ω–∏–µ–º —Å–µ—Ç–µ–≤–æ–≥–æ –±–∏–∑–Ω–µ—Å–∞   -–∫–∞–∫–∏–µ —Å–µ–π—á–∞—Å –≥–ª–∞–≤–Ω—ã–µ –º—ã—Å–ª–∏ –∏–ª–∏ –≤–æ–ø—Ä–æ—Å—ã –ø–æ —Ç–µ–º–µ –ø—Ä–æ—Ö–æ–∂–¥–µ–Ω–∏—è –æ–±—É—á–µ–Ω–∏—è;https://t.me/c/1001858905974/22
0;–û–±—â–∏–π –ø–æ—Ç–æ–∫;21;2023-04-26 17:40;;–ù–∞—Å—Ç–∞–≤–Ω–∏–∫–∞–º.;https://t.me/c/1001858905974/21
0;–û–±—â–∏–π –ø–æ—Ç–æ–∫;19;2023-04-26 17:40;;https://youtu.be/YI9yCEplRbQ;https://t.me/c/1001858905974/19
