topic_id;title;msgs_total;last_date;topic_url
1;Разное;0;;https://t.me/c/1001858905974/1
3;Вебинары доктора Марии Павловой;0;;https://t.me/c/1001858905974/3
4;Исследования;0;;https://t.me/c/1001858905974/4
5;EXTRA (полипренолы);0;;https://t.me/c/1001858905974/5
8;STONE (детокс);0;;https://t.me/c/1001858905974/8
9;MIT UP (коллаген, уролитин A);0;;https://t.me/c/1001858905974/9
10;BLEND (полипренолы);0;;https://t.me/c/1001858905974/10
11;MOBIO (метабиотик);0;;https://t.me/c/1001858905974/11
13;VITEN (иммунитет);0;;https://t.me/c/1001858905974/13
15;Серия NASH;0;;https://t.me/c/1001858905974/15
16;МИТОХОНДРИИ;0;;https://t.me/c/1001858905974/16
17;ПОЛИПРЕНОЛЫ;0;;https://t.me/c/1001858905974/17
18;Маркетинг;0;;https://t.me/c/1001858905974/18
101;Низкоуглеводное питание;0;;https://t.me/c/1001858905974/101
181;О! Тест (на омега-3);0;;https://t.me/c/1001858905974/181
221;MITOпрограмма;0;;https://t.me/c/1001858905974/221
261;EXO (кетоны);0;;https://t.me/c/1001858905974/261
275;Хвойный хлорофилл;0;;https://t.me/c/1001858905974/275
314;Онкология;0;;https://t.me/c/1001858905974/314
359;Отзывы;0;;https://t.me/c/1001858905974/359
364;Напитки (кофе, шоколад, чай…);0;;https://t.me/c/1001858905974/364
383;Очки (сон);0;;https://t.me/c/1001858905974/383
415;Производство;0;;https://t.me/c/1001858905974/415
459;Экспертные эфиры;0;;https://t.me/c/1001858905974/459
513;Масло МСТ (мозг, энергия);0;;https://t.me/c/1001858905974/513
539;Вебинары доктора Ольги Анатольевны;0;;https://t.me/c/1001858905974/539
592;Протеин;0;;https://t.me/c/1001858905974/592
637;Уход;0;;https://t.me/c/1001858905974/637
701;drops (pH баланс);0;;https://t.me/c/1001858905974/701
1031;Сыворотка (уход);0;;https://t.me/c/1001858905974/1031
1159;BEET SHOT (оксид азота);0;;https://t.me/c/1001858905974/1159
1205;TÉO GREEN (клетчатка, кишечник);0;;https://t.me/c/1001858905974/1205
1614;Дети;0;;https://t.me/c/1001858905974/1614
1615;Наборы;0;;https://t.me/c/1001858905974/1615
1618;Спорт;0;;https://t.me/c/1001858905974/1618
1856;Документы;0;;https://t.me/c/1001858905974/1856
2043;PARAKILL (антипаразитарка);0;;https://t.me/c/1001858905974/2043
2667;Эфиры Надежды Гурской;0;;https://t.me/c/1001858905974/2667
2728;ViMi;0;;https://t.me/c/1001858905974/2728
2979;T8 ERA TO GO;0;;https://t.me/c/1001858905974/2979
3076;Вебинары доктора Яны Лопастейской;0;;https://t.me/c/1001858905974/3076
3100;Эфиры Натальи Дмитренко;0;;https://t.me/c/1001858905974/3100
3273;Вебинары Юлии Хохолковой;0;;https://t.me/c/1001858905974/3273
3331;МИТОlife (новости);0;;https://t.me/c/1001858905974/3331
3332;МИТОрост (про ментальность);0;;https://t.me/c/1001858905974/3332
3342;Материалы;0;;https://t.me/c/1001858905974/3342
3343;Мы в соц.сетях;0;;https://t.me/c/1001858905974/3343
3456;Эфиры Алины Хлебодаровой;0;;https://t.me/c/1001858905974/3456
3525;Отзывы МИТОсообщество, бизнес;0;;https://t.me/c/1001858905974/3525
3670;IQ - код;0;;https://t.me/c/1001858905974/3670
3745;ERA Mitomatrix;0;;https://t.me/c/1001858905974/3745
4583;Эфиры Олеси Халиной;0;;https://t.me/c/1001858905974/4583
0;Общий поток;4020;2025-09-25 19:56;
